level_0,index,X_Raster,Y_Raster,rock_types
0,0,1032.0,1.0,0.0
1,2,1033.0,3.0,0.0
2,4,1042.0,12.0,0.0
3,5,205.0,14.0,0.0
4,6,216.0,14.0,0.0
5,7,206.0,15.0,0.0
6,8,211.0,15.0,0.0
7,9,214.0,15.0,0.0
8,12,207.0,16.0,0.0
9,13,214.0,16.0,0.0
10,14,210.0,17.0,0.0
11,15,213.0,17.0,0.0
12,16,216.0,17.0,0.0
13,18,203.0,18.0,0.0
14,19,205.0,18.0,0.0
15,23,205.0,19.0,0.0
16,24,212.0,19.0,0.0
17,25,213.0,19.0,0.0
18,26,214.0,19.0,0.0
19,27,215.0,19.0,0.0
20,29,199.0,20.0,0.0
21,31,211.0,20.0,0.0
22,32,213.0,20.0,0.0
23,33,219.0,20.0,0.0
24,34,182.0,21.0,0.0
25,38,194.0,21.0,0.0
26,39,197.0,21.0,0.0
27,41,220.0,21.0,0.0
28,42,206.0,22.0,0.0
29,43,208.0,22.0,0.0
30,44,209.0,22.0,0.0
31,45,210.0,22.0,0.0
32,46,211.0,22.0,0.0
33,47,218.0,22.0,0.0
34,48,190.0,23.0,0.0
35,49,191.0,23.0,0.0
36,52,199.0,23.0,0.0
37,53,200.0,23.0,0.0
38,54,210.0,23.0,0.0
39,55,215.0,23.0,0.0
40,56,216.0,23.0,0.0
41,58,197.0,24.0,0.0
42,59,200.0,24.0,0.0
43,60,202.0,24.0,0.0
44,61,203.0,24.0,0.0
45,62,207.0,24.0,0.0
46,63,210.0,24.0,0.0
47,64,217.0,24.0,0.0
48,65,220.0,24.0,0.0
49,67,180.0,25.0,0.0
50,70,203.0,25.0,0.0
51,71,211.0,25.0,0.0
52,72,212.0,25.0,0.0
53,73,213.0,25.0,0.0
54,74,215.0,25.0,0.0
55,75,216.0,25.0,0.0
56,76,180.0,26.0,0.0
57,77,188.0,26.0,0.0
58,78,190.0,26.0,0.0
59,80,204.0,26.0,0.0
60,81,207.0,26.0,0.0
61,82,215.0,26.0,0.0
62,83,217.0,26.0,0.0
63,84,218.0,26.0,0.0
64,86,186.0,27.0,0.0
65,87,188.0,27.0,0.0
66,88,195.0,27.0,0.0
67,90,204.0,27.0,0.0
68,91,205.0,27.0,0.0
69,92,220.0,27.0,0.0
70,94,177.0,28.0,0.0
71,95,179.0,28.0,0.0
72,96,186.0,28.0,0.0
73,97,187.0,28.0,0.0
74,98,195.0,28.0,0.0
75,100,209.0,28.0,0.0
76,101,211.0,28.0,0.0
77,102,214.0,28.0,0.0
78,103,215.0,28.0,0.0
79,104,217.0,28.0,0.0
80,105,180.0,29.0,0.0
81,106,182.0,29.0,0.0
82,108,198.0,29.0,0.0
83,109,202.0,29.0,0.0
84,110,203.0,29.0,0.0
85,112,207.0,29.0,0.0
86,113,212.0,29.0,0.0
87,115,197.0,30.0,0.0
88,116,199.0,30.0,0.0
89,117,201.0,30.0,0.0
90,119,205.0,30.0,0.0
91,120,212.0,30.0,0.0
92,121,213.0,30.0,0.0
93,122,215.0,30.0,0.0
94,124,194.0,31.0,0.0
95,125,195.0,31.0,0.0
96,126,197.0,31.0,0.0
97,128,210.0,31.0,0.0
98,129,216.0,31.0,0.0
99,130,192.0,32.0,0.0
100,131,193.0,32.0,0.0
101,132,198.0,32.0,0.0
102,133,200.0,32.0,0.0
103,136,211.0,32.0,0.0
104,137,215.0,32.0,0.0
105,138,199.0,33.0,0.0
106,139,201.0,33.0,0.0
107,140,208.0,33.0,0.0
108,143,853.0,49.0,1.0
109,146,830.0,51.0,1.0
110,147,831.0,51.0,1.0
111,148,832.0,51.0,1.0
112,149,833.0,51.0,1.0
113,150,828.0,52.0,1.0
114,151,830.0,52.0,1.0
115,152,831.0,52.0,1.0
116,153,824.0,53.0,1.0
117,154,827.0,53.0,1.0
118,155,830.0,53.0,1.0
119,156,832.0,53.0,1.0
120,157,825.0,54.0,1.0
121,158,827.0,54.0,1.0
122,159,830.0,54.0,1.0
123,160,832.0,54.0,1.0
124,163,822.0,55.0,1.0
125,164,825.0,55.0,1.0
126,165,828.0,55.0,1.0
127,166,829.0,55.0,1.0
128,167,832.0,55.0,1.0
129,168,849.0,55.0,1.0
130,170,824.0,56.0,1.0
131,171,825.0,56.0,1.0
132,172,829.0,56.0,1.0
133,173,830.0,56.0,1.0
134,174,841.0,56.0,1.0
135,175,821.0,57.0,1.0
136,176,823.0,57.0,1.0
137,177,826.0,57.0,1.0
138,179,847.0,57.0,1.0
139,180,848.0,57.0,1.0
140,181,817.0,58.0,1.0
141,182,818.0,58.0,1.0
142,184,839.0,58.0,1.0
143,185,840.0,58.0,1.0
144,186,847.0,58.0,1.0
145,187,848.0,58.0,1.0
146,188,817.0,59.0,1.0
147,190,843.0,59.0,1.0
148,191,845.0,59.0,1.0
149,192,846.0,59.0,1.0
150,193,847.0,59.0,1.0
151,194,815.0,60.0,1.0
152,195,817.0,60.0,1.0
153,197,815.0,61.0,1.0
154,198,816.0,62.0,1.0
155,199,814.0,63.0,1.0
156,200,819.0,63.0,1.0
157,201,815.0,64.0,1.0
158,202,816.0,64.0,1.0
159,203,819.0,64.0,1.0
160,205,814.0,65.0,1.0
161,206,817.0,65.0,1.0
162,208,814.0,66.0,1.0
163,209,815.0,66.0,1.0
164,210,811.0,67.0,1.0
165,211,812.0,67.0,1.0
166,213,816.0,67.0,1.0
167,214,796.0,68.0,0.0
168,215,812.0,68.0,1.0
169,218,810.0,69.0,1.0
170,221,795.0,70.0,0.0
171,222,796.0,70.0,0.0
172,225,795.0,71.0,0.0
173,226,815.0,71.0,1.0
174,228,793.0,72.0,0.0
175,229,790.0,73.0,0.0
176,230,793.0,73.0,0.0
177,231,811.0,73.0,1.0
178,232,813.0,73.0,1.0
179,233,814.0,73.0,1.0
180,234,809.0,74.0,1.0
181,235,790.0,75.0,0.0
182,236,810.0,75.0,1.0
183,237,812.0,75.0,1.0
184,239,807.0,76.0,1.0
185,240,809.0,76.0,1.0
186,241,810.0,76.0,1.0
187,242,811.0,76.0,1.0
188,245,811.0,77.0,1.0
189,247,779.0,78.0,0.0
190,251,779.0,80.0,0.0
191,256,771.0,85.0,0.0
192,258,769.0,86.0,0.0
193,259,770.0,86.0,0.0
194,260,768.0,87.0,0.0
195,261,770.0,88.0,0.0
196,262,772.0,88.0,0.0
197,263,767.0,89.0,0.0
198,264,771.0,89.0,0.0
199,265,772.0,90.0,0.0
200,271,306.0,144.0,0.0
201,272,309.0,145.0,0.0
202,274,315.0,145.0,0.0
203,275,260.0,146.0,0.0
204,278,309.0,146.0,0.0
205,280,315.0,146.0,0.0
206,281,316.0,146.0,0.0
207,283,289.0,147.0,0.0
208,285,303.0,147.0,0.0
209,286,308.0,147.0,0.0
210,289,315.0,147.0,0.0
211,290,241.0,148.0,0.0
212,291,244.0,148.0,0.0
213,292,289.0,148.0,0.0
214,294,298.0,148.0,0.0
215,295,305.0,148.0,0.0
216,297,307.0,148.0,0.0
217,300,241.0,149.0,0.0
219,302,289.0,149.0,0.0
220,303,290.0,149.0,0.0
221,304,292.0,149.0,0.0
222,305,293.0,149.0,0.0
223,307,301.0,149.0,0.0
224,309,277.0,150.0,0.0
225,310,278.0,150.0,0.0
226,311,289.0,150.0,0.0
227,313,301.0,150.0,0.0
228,314,304.0,150.0,0.0
229,315,305.0,150.0,0.0
230,317,298.0,151.0,0.0
231,318,276.0,152.0,0.0
232,319,294.0,152.0,0.0
233,320,299.0,152.0,0.0
234,321,278.0,153.0,0.0
235,322,280.0,153.0,0.0
236,323,290.0,153.0,0.0
237,324,281.0,154.0,0.0
238,325,1200.0,228.0,1.0
239,326,1199.0,229.0,1.0
240,327,1200.0,232.0,1.0
241,328,1201.0,233.0,1.0
242,329,1202.0,233.0,1.0
243,330,1199.0,234.0,1.0
244,331,1201.0,234.0,1.0
246,333,1203.0,235.0,1.0
247,334,1204.0,235.0,1.0
248,335,1206.0,235.0,1.0
249,336,1209.0,235.0,1.0
250,337,1204.0,236.0,1.0
251,338,1207.0,236.0,1.0
252,339,1209.0,236.0,1.0
253,340,1211.0,236.0,1.0
254,341,1201.0,237.0,1.0
255,342,1204.0,237.0,1.0
256,343,1205.0,237.0,1.0
257,344,1209.0,237.0,1.0
258,345,1219.0,237.0,1.0
259,346,1199.0,238.0,1.0
260,347,1200.0,238.0,1.0
261,348,1210.0,238.0,1.0
262,349,1202.0,239.0,1.0
263,350,1203.0,239.0,1.0
264,351,1204.0,239.0,1.0
265,352,1207.0,239.0,1.0
266,353,1213.0,239.0,1.0
267,354,1206.0,240.0,1.0
268,355,1207.0,240.0,1.0
269,356,1212.0,240.0,1.0
270,357,1213.0,240.0,1.0
271,358,1165.0,257.0,1.0
272,359,1161.0,258.0,1.0
273,361,1171.0,259.0,1.0
274,362,1161.0,260.0,1.0
275,363,1167.0,260.0,1.0
276,364,1157.0,261.0,1.0
277,365,1158.0,261.0,1.0
278,366,1161.0,261.0,1.0
279,367,1165.0,261.0,1.0
280,368,1158.0,262.0,1.0
281,369,1167.0,262.0,1.0
282,370,1158.0,263.0,1.0
283,373,1150.0,264.0,1.0
284,374,1153.0,264.0,1.0
285,375,1164.0,264.0,1.0
286,376,1169.0,264.0,1.0
287,378,1153.0,265.0,1.0
288,379,1161.0,265.0,1.0
289,380,1170.0,265.0,1.0
290,382,1152.0,266.0,1.0
291,383,1155.0,266.0,1.0
292,384,1157.0,266.0,1.0
293,385,1158.0,266.0,1.0
294,387,1152.0,267.0,1.0
295,388,1156.0,267.0,1.0
296,390,1151.0,268.0,1.0
297,391,1156.0,268.0,1.0
298,392,1050.0,269.0,1.0
299,396,1162.0,270.0,1.0
300,398,1052.0,271.0,1.0
301,399,1146.0,271.0,1.0
302,400,1152.0,271.0,1.0
303,401,1157.0,271.0,1.0
304,402,1160.0,271.0,1.0
305,403,1164.0,271.0,1.0
306,406,1051.0,272.0,1.0
307,407,1145.0,272.0,1.0
308,408,1152.0,272.0,1.0
309,409,1155.0,272.0,1.0
310,414,1143.0,273.0,1.0
311,415,1161.0,273.0,1.0
312,418,1050.0,274.0,1.0
313,419,1140.0,274.0,1.0
314,420,1144.0,274.0,1.0
315,421,1156.0,274.0,1.0
316,423,267.0,275.0,0.0
317,424,269.0,275.0,0.0
318,425,270.0,275.0,0.0
319,426,271.0,275.0,0.0
320,427,272.0,275.0,0.0
321,429,1034.0,275.0,1.0
322,431,1048.0,275.0,1.0
323,433,1060.0,275.0,1.0
324,434,1132.0,275.0,1.0
325,435,1135.0,275.0,1.0
326,436,1159.0,275.0,1.0
327,437,270.0,276.0,0.0
328,438,271.0,276.0,0.0
329,439,272.0,276.0,0.0
330,442,1134.0,276.0,1.0
331,443,1136.0,276.0,1.0
332,444,351.0,277.0,1.0
333,445,1027.0,277.0,1.0
334,449,1137.0,277.0,1.0
335,450,75.0,278.0,0.0
336,451,77.0,278.0,0.0
337,452,352.0,278.0,1.0
338,457,1130.0,278.0,1.0
339,458,1132.0,278.0,1.0
340,459,1133.0,278.0,1.0
341,460,1144.0,278.0,1.0
342,461,1146.0,278.0,1.0
343,462,1149.0,278.0,1.0
344,463,1151.0,278.0,1.0
345,465,1016.0,279.0,1.0
346,468,1048.0,279.0,1.0
347,469,1053.0,279.0,1.0
348,470,1055.0,279.0,1.0
349,471,1135.0,279.0,1.0
350,472,91.0,280.0,0.0
351,474,353.0,280.0,1.0
352,475,902.0,280.0,1.0
353,476,979.0,280.0,1.0
354,481,1053.0,280.0,1.0
355,482,1055.0,280.0,1.0
356,484,1125.0,280.0,1.0
357,485,1131.0,280.0,1.0
358,486,1132.0,280.0,1.0
359,487,1134.0,280.0,1.0
360,488,1135.0,280.0,1.0
361,489,1137.0,280.0,1.0
362,490,90.0,281.0,0.0
363,491,92.0,281.0,0.0
364,492,93.0,281.0,0.0
365,494,346.0,281.0,1.0
366,495,348.0,281.0,1.0
367,499,1135.0,281.0,1.0
368,500,1136.0,281.0,1.0
369,501,88.0,282.0,0.0
370,502,89.0,282.0,0.0
371,503,90.0,282.0,0.0
372,504,94.0,282.0,0.0
373,505,342.0,282.0,1.0
374,506,346.0,282.0,1.0
375,507,350.0,282.0,1.0
376,508,352.0,282.0,1.0
377,509,356.0,282.0,1.0
378,510,900.0,282.0,1.0
379,511,976.0,282.0,1.0
380,512,987.0,282.0,1.0
381,513,1121.0,282.0,1.0
382,514,1134.0,282.0,1.0
383,515,88.0,283.0,0.0
384,516,91.0,283.0,0.0
385,517,92.0,283.0,0.0
386,518,93.0,283.0,0.0
387,519,346.0,283.0,1.0
388,520,347.0,283.0,1.0
389,521,350.0,283.0,1.0
390,522,354.0,283.0,1.0
391,524,894.0,283.0,1.0
392,525,899.0,283.0,1.0
393,527,1016.0,283.0,1.0
394,528,1029.0,283.0,1.0
395,529,1036.0,283.0,1.0
396,530,1038.0,283.0,1.0
397,534,1054.0,283.0,1.0
398,535,83.0,284.0,0.0
399,536,86.0,284.0,0.0
400,537,88.0,284.0,0.0
401,538,89.0,284.0,0.0
402,539,90.0,284.0,0.0
403,540,93.0,284.0,0.0
404,541,345.0,284.0,1.0
405,542,348.0,284.0,1.0
406,543,352.0,284.0,1.0
407,544,359.0,284.0,1.0
408,545,895.0,284.0,1.0
409,546,989.0,284.0,1.0
410,547,1015.0,284.0,1.0
411,551,1047.0,284.0,1.0
412,552,1130.0,284.0,1.0
413,553,1134.0,284.0,1.0
414,555,78.0,285.0,0.0
415,556,79.0,285.0,0.0
416,557,83.0,285.0,0.0
417,558,85.0,285.0,0.0
418,559,86.0,285.0,0.0
419,560,89.0,285.0,0.0
420,561,91.0,285.0,0.0
421,562,92.0,285.0,0.0
422,563,338.0,285.0,1.0
423,564,344.0,285.0,1.0
424,565,350.0,285.0,1.0
425,566,354.0,285.0,1.0
426,567,355.0,285.0,1.0
427,568,362.0,285.0,1.0
428,569,364.0,285.0,1.0
429,572,1030.0,285.0,1.0
430,573,1035.0,285.0,1.0
431,575,1141.0,285.0,1.0
432,578,76.0,286.0,0.0
433,579,79.0,286.0,0.0
434,580,82.0,286.0,0.0
435,581,83.0,286.0,0.0
436,582,86.0,286.0,0.0
437,583,87.0,286.0,0.0
438,584,340.0,286.0,1.0
439,587,347.0,286.0,1.0
440,588,350.0,286.0,1.0
441,589,355.0,286.0,1.0
442,590,360.0,286.0,1.0
443,591,366.0,286.0,1.0
444,592,896.0,286.0,1.0
445,595,1017.0,286.0,1.0
446,600,1132.0,286.0,1.0
447,601,1140.0,286.0,1.0
448,602,79.0,287.0,0.0
449,603,80.0,287.0,0.0
450,604,81.0,287.0,0.0
451,605,85.0,287.0,0.0
452,606,336.0,287.0,1.0
453,607,337.0,287.0,1.0
454,608,343.0,287.0,1.0
455,610,896.0,287.0,1.0
456,612,1000.0,287.0,1.0
457,613,1008.0,287.0,1.0
458,616,1032.0,287.0,1.0
459,617,1119.0,287.0,1.0
460,618,337.0,288.0,1.0
461,619,1015.0,288.0,1.0
462,621,1134.0,288.0,1.0
463,622,340.0,289.0,1.0
464,623,342.0,289.0,1.0
465,624,883.0,289.0,1.0
466,625,887.0,289.0,1.0
467,627,996.0,289.0,1.0
468,628,997.0,289.0,1.0
469,631,1030.0,289.0,1.0
470,633,1128.0,289.0,1.0
471,635,885.0,290.0,1.0
472,636,886.0,290.0,1.0
473,637,889.0,290.0,1.0
474,638,893.0,290.0,1.0
475,639,895.0,290.0,1.0
476,640,1002.0,290.0,1.0
477,641,1030.0,290.0,1.0
478,642,1118.0,290.0,1.0
479,643,884.0,291.0,1.0
480,645,998.0,291.0,1.0
481,646,1000.0,291.0,1.0
482,647,1012.0,291.0,1.0
483,648,1032.0,291.0,1.0
484,649,1118.0,291.0,1.0
485,652,890.0,292.0,1.0
486,653,979.0,292.0,1.0
487,656,992.0,292.0,1.0
488,657,999.0,292.0,1.0
489,659,1121.0,292.0,1.0
490,660,1125.0,292.0,1.0
491,661,339.0,293.0,1.0
492,662,881.0,293.0,1.0
493,663,889.0,293.0,1.0
494,665,1007.0,293.0,1.0
495,666,1120.0,293.0,1.0
496,667,876.0,294.0,1.0
497,668,885.0,294.0,1.0
498,670,1015.0,294.0,1.0
499,671,1017.0,294.0,1.0
500,673,1124.0,294.0,1.0
501,674,335.0,295.0,1.0
502,675,877.0,295.0,1.0
503,676,885.0,295.0,1.0
504,678,1124.0,295.0,1.0
505,679,336.0,296.0,1.0
506,680,337.0,296.0,1.0
507,682,878.0,296.0,1.0
508,683,879.0,296.0,1.0
509,686,338.0,297.0,1.0
510,687,872.0,297.0,1.0
511,688,880.0,297.0,1.0
512,690,338.0,298.0,1.0
513,691,340.0,298.0,1.0
514,693,871.0,299.0,1.0
515,694,872.0,299.0,1.0
516,695,874.0,299.0,1.0
517,696,881.0,299.0,1.0
518,698,332.0,300.0,1.0
519,699,335.0,300.0,1.0
520,700,341.0,300.0,1.0
521,701,868.0,300.0,1.0
522,703,879.0,300.0,1.0
523,704,882.0,300.0,1.0
524,706,339.0,301.0,1.0
525,707,872.0,301.0,1.0
526,708,873.0,301.0,1.0
527,709,880.0,301.0,1.0
528,710,888.0,301.0,1.0
529,712,333.0,302.0,1.0
530,713,337.0,302.0,1.0
531,714,343.0,302.0,1.0
532,715,868.0,302.0,1.0
533,716,869.0,302.0,1.0
534,719,346.0,303.0,1.0
535,720,873.0,303.0,1.0
536,721,880.0,303.0,1.0
537,722,870.0,304.0,1.0
538,723,873.0,304.0,1.0
539,724,881.0,304.0,1.0
540,725,876.0,305.0,1.0
541,726,1019.0,305.0,1.0
542,727,336.0,306.0,1.0
543,728,343.0,306.0,1.0
544,729,869.0,306.0,1.0
545,730,342.0,307.0,1.0
546,731,344.0,307.0,1.0
547,732,411.0,307.0,1.0
548,733,860.0,307.0,1.0
549,734,871.0,307.0,1.0
550,735,875.0,307.0,1.0
551,736,880.0,307.0,1.0
552,738,1020.0,307.0,1.0
553,739,1022.0,307.0,1.0
554,740,341.0,308.0,1.0
555,741,342.0,308.0,1.0
556,742,344.0,308.0,1.0
557,743,408.0,308.0,1.0
558,744,409.0,308.0,1.0
559,745,859.0,308.0,1.0
560,746,860.0,308.0,1.0
561,747,872.0,308.0,1.0
562,748,873.0,308.0,1.0
563,749,874.0,308.0,1.0
564,750,878.0,308.0,1.0
565,751,337.0,309.0,1.0
566,753,408.0,309.0,1.0
567,754,409.0,309.0,1.0
568,755,870.0,309.0,1.0
569,756,872.0,309.0,1.0
570,760,349.0,310.0,1.0
571,761,408.0,310.0,1.0
572,762,855.0,310.0,1.0
573,763,876.0,310.0,1.0
574,767,390.0,311.0,1.0
575,768,391.0,311.0,1.0
576,769,392.0,311.0,1.0
577,770,393.0,311.0,1.0
578,772,859.0,312.0,1.0
579,777,858.0,313.0,1.0
580,780,256.0,317.0,0.0
581,783,256.0,318.0,0.0
582,784,253.0,319.0,0.0
583,785,256.0,319.0,0.0
584,786,253.0,321.0,0.0
585,788,254.0,322.0,0.0
586,789,254.0,324.0,0.0
587,790,259.0,324.0,0.0
588,791,255.0,325.0,0.0
589,792,259.0,325.0,0.0
590,793,254.0,326.0,0.0
591,794,256.0,327.0,0.0
592,795,258.0,327.0,0.0
593,796,260.0,327.0,0.0
594,797,261.0,327.0,0.0
595,798,262.0,327.0,0.0
596,800,256.0,328.0,0.0
597,801,257.0,328.0,0.0
598,802,259.0,328.0,0.0
599,803,256.0,329.0,0.0
600,804,258.0,329.0,0.0
601,805,259.0,329.0,0.0
602,806,260.0,329.0,0.0
603,807,262.0,329.0,0.0
604,808,263.0,329.0,0.0
605,809,265.0,329.0,0.0
606,810,261.0,330.0,0.0
607,811,263.0,330.0,0.0
608,812,256.0,331.0,0.0
609,813,258.0,331.0,0.0
610,814,262.0,331.0,0.0
611,815,258.0,332.0,0.0
612,816,259.0,332.0,0.0
613,817,258.0,333.0,0.0
614,818,259.0,333.0,0.0
615,819,259.0,334.0,0.0
616,824,258.0,340.0,0.0
617,825,259.0,340.0,0.0
618,826,258.0,341.0,0.0
619,827,257.0,342.0,0.0
620,828,258.0,342.0,0.0
621,829,257.0,343.0,0.0
622,830,803.0,343.0,0.0
623,831,257.0,344.0,0.0
624,832,258.0,344.0,0.0
625,833,800.0,344.0,0.0
626,834,803.0,345.0,0.0
627,835,804.0,345.0,0.0
628,836,806.0,345.0,0.0
629,837,807.0,345.0,0.0
630,838,259.0,346.0,0.0
631,839,803.0,346.0,0.0
632,840,805.0,346.0,0.0
633,841,806.0,346.0,0.0
634,842,809.0,346.0,0.0
635,843,258.0,347.0,0.0
636,844,261.0,347.0,0.0
637,845,802.0,347.0,0.0
638,846,810.0,347.0,0.0
639,847,258.0,348.0,0.0
640,848,260.0,348.0,0.0
641,849,800.0,348.0,0.0
642,851,806.0,348.0,0.0
643,852,807.0,348.0,0.0
644,853,811.0,348.0,0.0
645,854,260.0,349.0,0.0
646,855,261.0,349.0,0.0
647,856,262.0,349.0,0.0
648,857,804.0,350.0,0.0
649,858,805.0,351.0,0.0
650,859,809.0,351.0,0.0
651,861,802.0,352.0,0.0
652,862,809.0,352.0,0.0
653,863,810.0,352.0,0.0
654,866,802.0,353.0,0.0
655,867,804.0,353.0,0.0
656,868,810.0,353.0,0.0
657,869,795.0,354.0,0.0
658,870,796.0,354.0,0.0
659,871,803.0,354.0,0.0
660,872,810.0,354.0,0.0
661,875,797.0,356.0,0.0
662,876,808.0,356.0,0.0
663,878,810.0,357.0,0.0
664,879,807.0,358.0,0.0
665,880,809.0,358.0,0.0
666,881,810.0,358.0,0.0
667,887,803.0,361.0,0.0
668,888,805.0,361.0,0.0
669,889,786.0,362.0,0.0
670,892,801.0,362.0,0.0
671,893,802.0,362.0,0.0
672,894,779.0,363.0,0.0
673,896,785.0,363.0,0.0
674,897,791.0,363.0,0.0
675,898,780.0,364.0,0.0
676,900,792.0,364.0,0.0
677,901,800.0,364.0,0.0
678,902,781.0,365.0,0.0
679,903,782.0,365.0,0.0
680,904,786.0,365.0,0.0
681,905,790.0,365.0,0.0
682,906,792.0,365.0,0.0
683,907,793.0,365.0,0.0
684,908,798.0,365.0,0.0
685,909,803.0,365.0,0.0
686,910,804.0,365.0,0.0
687,911,785.0,366.0,0.0
688,912,783.0,367.0,0.0
689,913,785.0,367.0,0.0
690,914,791.0,367.0,0.0
691,915,792.0,367.0,0.0
692,916,793.0,367.0,0.0
693,917,796.0,367.0,0.0
694,918,781.0,368.0,0.0
695,919,782.0,368.0,0.0
696,920,787.0,368.0,0.0
697,921,789.0,368.0,0.0
698,924,796.0,368.0,0.0
699,925,781.0,369.0,0.0
700,926,783.0,369.0,0.0
701,927,786.0,369.0,0.0
702,928,797.0,369.0,0.0
703,933,798.0,370.0,0.0
704,934,783.0,371.0,0.0
705,935,784.0,371.0,0.0
706,936,785.0,371.0,0.0
707,937,797.0,371.0,0.0
708,938,779.0,372.0,0.0
709,939,781.0,372.0,0.0
710,940,785.0,372.0,0.0
711,942,779.0,373.0,0.0
712,943,782.0,373.0,0.0
713,944,783.0,373.0,0.0
714,945,784.0,373.0,0.0
715,948,783.0,374.0,0.0
716,949,787.0,374.0,0.0
717,950,785.0,375.0,0.0
718,953,787.0,376.0,0.0
719,954,789.0,376.0,0.0
720,956,778.0,377.0,0.0
721,957,787.0,377.0,0.0
722,958,788.0,379.0,0.0
723,962,365.0,399.0,0.0
724,963,363.0,401.0,0.0
725,964,378.0,401.0,0.0
726,965,386.0,401.0,0.0
727,966,387.0,401.0,0.0
728,967,363.0,402.0,0.0
729,968,371.0,402.0,0.0
730,969,374.0,402.0,0.0
731,970,378.0,402.0,0.0
732,971,363.0,403.0,0.0
733,972,375.0,403.0,0.0
734,973,378.0,403.0,0.0
735,974,361.0,404.0,0.0
736,975,364.0,404.0,0.0
737,976,365.0,404.0,0.0
738,977,368.0,404.0,0.0
739,978,369.0,404.0,0.0
740,979,372.0,404.0,0.0
741,980,373.0,404.0,0.0
742,981,376.0,404.0,0.0
743,982,377.0,404.0,0.0
744,983,381.0,404.0,0.0
745,984,382.0,404.0,0.0
746,985,362.0,405.0,0.0
747,986,365.0,405.0,0.0
748,987,369.0,405.0,0.0
749,988,370.0,405.0,0.0
750,989,371.0,405.0,0.0
751,990,373.0,405.0,0.0
752,991,377.0,405.0,0.0
753,992,379.0,405.0,0.0
754,993,380.0,405.0,0.0
755,994,383.0,405.0,0.0
756,995,360.0,406.0,0.0
757,996,361.0,406.0,0.0
758,997,362.0,406.0,0.0
759,998,364.0,406.0,0.0
760,999,365.0,406.0,0.0
761,1000,366.0,406.0,0.0
762,1001,367.0,406.0,0.0
763,1002,368.0,406.0,0.0
764,1003,369.0,406.0,0.0
765,1004,370.0,406.0,0.0
766,1005,371.0,406.0,0.0
767,1006,372.0,406.0,0.0
768,1007,373.0,406.0,0.0
769,1008,374.0,406.0,0.0
770,1009,375.0,406.0,0.0
771,1010,376.0,406.0,0.0
772,1011,377.0,406.0,0.0
773,1012,379.0,406.0,0.0
774,1013,380.0,406.0,0.0
775,1014,381.0,406.0,0.0
776,1015,383.0,406.0,0.0
777,1016,364.0,407.0,0.0
778,1017,367.0,407.0,0.0
779,1018,369.0,407.0,0.0
780,1019,374.0,407.0,0.0
781,1020,376.0,407.0,0.0
782,1021,381.0,407.0,0.0
783,1025,31.0,424.0,0.0
784,1026,216.0,424.0,0.0
785,1027,217.0,424.0,0.0
786,1029,30.0,425.0,0.0
787,1030,35.0,425.0,0.0
788,1031,37.0,425.0,0.0
789,1032,38.0,425.0,0.0
790,1033,41.0,425.0,0.0
791,1035,212.0,425.0,0.0
792,1036,214.0,425.0,0.0
793,1037,215.0,425.0,0.0
794,1038,216.0,425.0,0.0
795,1039,217.0,425.0,0.0
796,1040,463.0,425.0,0.0
797,1042,28.0,426.0,0.0
798,1043,31.0,426.0,0.0
799,1044,35.0,426.0,0.0
800,1045,36.0,426.0,0.0
801,1046,37.0,426.0,0.0
802,1047,39.0,426.0,0.0
803,1048,40.0,426.0,0.0
804,1049,41.0,426.0,0.0
805,1050,45.0,426.0,0.0
806,1053,215.0,426.0,0.0
807,1054,217.0,426.0,0.0
808,1055,24.0,427.0,0.0
809,1056,25.0,427.0,0.0
810,1057,28.0,427.0,0.0
811,1058,29.0,427.0,0.0
812,1059,30.0,427.0,0.0
813,1060,34.0,427.0,0.0
814,1061,35.0,427.0,0.0
815,1062,36.0,427.0,0.0
816,1063,40.0,427.0,0.0
817,1064,45.0,427.0,0.0
818,1065,46.0,427.0,0.0
819,1066,48.0,427.0,0.0
820,1067,49.0,427.0,0.0
821,1069,213.0,427.0,0.0
822,1070,215.0,427.0,0.0
823,1071,217.0,427.0,0.0
824,1073,23.0,428.0,0.0
825,1074,25.0,428.0,0.0
826,1075,26.0,428.0,0.0
827,1076,29.0,428.0,0.0
828,1077,30.0,428.0,0.0
829,1078,31.0,428.0,0.0
830,1079,32.0,428.0,0.0
831,1080,34.0,428.0,0.0
832,1081,35.0,428.0,0.0
833,1082,39.0,428.0,0.0
834,1083,40.0,428.0,0.0
835,1084,41.0,428.0,0.0
836,1085,43.0,428.0,0.0
837,1086,44.0,428.0,0.0
838,1087,45.0,428.0,0.0
839,1088,46.0,428.0,0.0
840,1089,48.0,428.0,0.0
841,1090,49.0,428.0,0.0
842,1091,50.0,428.0,0.0
843,1092,51.0,428.0,0.0
844,1093,205.0,428.0,0.0
845,1094,212.0,428.0,0.0
846,1095,214.0,428.0,0.0
847,1096,215.0,428.0,0.0
848,1097,217.0,428.0,0.0
849,1098,22.0,429.0,0.0
850,1099,24.0,429.0,0.0
851,1100,25.0,429.0,0.0
852,1101,26.0,429.0,0.0
853,1102,27.0,429.0,0.0
854,1103,31.0,429.0,0.0
855,1104,32.0,429.0,0.0
856,1105,34.0,429.0,0.0
857,1106,35.0,429.0,0.0
858,1107,38.0,429.0,0.0
859,1108,41.0,429.0,0.0
860,1109,42.0,429.0,0.0
861,1110,45.0,429.0,0.0
862,1111,49.0,429.0,0.0
863,1112,51.0,429.0,0.0
864,1113,52.0,429.0,0.0
865,1114,203.0,429.0,0.0
866,1115,205.0,429.0,0.0
867,1116,206.0,429.0,0.0
868,1117,208.0,429.0,0.0
869,1118,215.0,429.0,0.0
870,1120,22.0,430.0,0.0
871,1121,25.0,430.0,0.0
873,1123,27.0,430.0,0.0
875,1125,30.0,430.0,0.0
876,1126,32.0,430.0,0.0
877,1127,35.0,430.0,0.0
878,1128,36.0,430.0,0.0
879,1129,37.0,430.0,0.0
880,1130,39.0,430.0,0.0
881,1131,40.0,430.0,0.0
882,1132,41.0,430.0,0.0
883,1133,42.0,430.0,0.0
884,1134,48.0,430.0,0.0
885,1135,49.0,430.0,0.0
886,1136,51.0,430.0,0.0
887,1138,200.0,430.0,0.0
888,1139,203.0,430.0,0.0
889,1140,206.0,430.0,0.0
890,1141,210.0,430.0,0.0
891,1142,211.0,430.0,0.0
892,1143,212.0,430.0,0.0
893,1144,213.0,430.0,0.0
894,1145,215.0,430.0,0.0
895,1146,216.0,430.0,0.0
896,1147,20.0,431.0,0.0
897,1148,21.0,431.0,0.0
898,1149,23.0,431.0,0.0
899,1150,25.0,431.0,0.0
900,1151,26.0,431.0,0.0
901,1152,27.0,431.0,0.0
902,1153,30.0,431.0,0.0
903,1154,32.0,431.0,0.0
904,1155,34.0,431.0,0.0
905,1156,35.0,431.0,0.0
906,1157,38.0,431.0,0.0
907,1158,39.0,431.0,0.0
908,1159,40.0,431.0,0.0
909,1160,41.0,431.0,0.0
910,1161,43.0,431.0,0.0
911,1162,46.0,431.0,0.0
912,1163,47.0,431.0,0.0
913,1164,48.0,431.0,0.0
914,1165,49.0,431.0,0.0
915,1166,53.0,431.0,0.0
916,1167,202.0,431.0,0.0
918,1169,206.0,431.0,0.0
919,1170,208.0,431.0,0.0
920,1171,212.0,431.0,0.0
921,1172,215.0,431.0,0.0
922,1173,19.0,432.0,0.0
923,1174,20.0,432.0,0.0
924,1175,21.0,432.0,0.0
925,1176,23.0,432.0,0.0
926,1177,26.0,432.0,0.0
927,1178,29.0,432.0,0.0
928,1179,30.0,432.0,0.0
929,1180,33.0,432.0,0.0
930,1181,35.0,432.0,0.0
931,1182,38.0,432.0,0.0
932,1183,39.0,432.0,0.0
933,1184,41.0,432.0,0.0
934,1185,42.0,432.0,0.0
935,1186,43.0,432.0,0.0
936,1187,44.0,432.0,0.0
937,1188,45.0,432.0,0.0
938,1189,46.0,432.0,0.0
939,1190,47.0,432.0,0.0
940,1191,48.0,432.0,0.0
941,1192,50.0,432.0,0.0
942,1193,52.0,432.0,0.0
943,1194,53.0,432.0,0.0
944,1195,54.0,432.0,0.0
945,1196,55.0,432.0,0.0
946,1199,22.0,433.0,0.0
947,1200,23.0,433.0,0.0
948,1201,26.0,433.0,0.0
949,1202,28.0,433.0,0.0
950,1203,37.0,433.0,0.0
951,1204,39.0,433.0,0.0
952,1205,43.0,433.0,0.0
953,1206,49.0,433.0,0.0
954,1207,50.0,433.0,0.0
955,1208,51.0,433.0,0.0
956,1209,53.0,433.0,0.0
957,1210,54.0,433.0,0.0
958,1211,56.0,433.0,0.0
959,1213,21.0,434.0,0.0
960,1214,25.0,434.0,0.0
961,1215,26.0,434.0,0.0
962,1216,27.0,434.0,0.0
963,1217,28.0,434.0,0.0
964,1218,31.0,434.0,0.0
965,1219,35.0,434.0,0.0
966,1220,36.0,434.0,0.0
967,1221,39.0,434.0,0.0
968,1222,43.0,434.0,0.0
969,1223,44.0,434.0,0.0
970,1224,46.0,434.0,0.0
971,1225,52.0,434.0,0.0
972,1226,53.0,434.0,0.0
973,1227,35.0,435.0,0.0
974,1228,43.0,435.0,0.0
975,1229,45.0,435.0,0.0
976,1230,51.0,435.0,0.0
977,1233,443.0,448.0,0.0
978,1239,512.0,453.0,0.0
979,1243,512.0,456.0,0.0
980,1245,472.0,459.0,0.0
981,1246,110.0,460.0,0.0
982,1247,112.0,460.0,0.0
983,1248,114.0,460.0,0.0
984,1249,115.0,460.0,0.0
985,1250,116.0,460.0,0.0
986,1251,117.0,460.0,0.0
987,1252,118.0,460.0,0.0
988,1253,119.0,460.0,0.0
989,1254,19.0,461.0,0.0
990,1255,21.0,461.0,0.0
991,1256,61.0,461.0,0.0
992,1258,108.0,461.0,0.0
993,1259,110.0,461.0,0.0
994,1260,111.0,461.0,0.0
995,1261,113.0,461.0,0.0
996,1262,114.0,461.0,0.0
997,1263,115.0,461.0,0.0
998,1264,118.0,461.0,0.0
999,1265,121.0,461.0,0.0
1000,1266,437.0,461.0,0.0
1001,1267,462.0,461.0,0.0
1002,1268,12.0,462.0,0.0
1003,1269,13.0,462.0,0.0
1004,1270,15.0,462.0,0.0
1005,1271,17.0,462.0,0.0
1006,1272,19.0,462.0,0.0
1007,1273,20.0,462.0,0.0
1008,1274,21.0,462.0,0.0
1009,1276,60.0,462.0,0.0
1010,1279,106.0,462.0,0.0
1011,1280,107.0,462.0,0.0
1012,1281,110.0,462.0,0.0
1013,1282,111.0,462.0,0.0
1014,1283,113.0,462.0,0.0
1015,1284,114.0,462.0,0.0
1016,1285,116.0,462.0,0.0
1017,1286,117.0,462.0,0.0
1018,1287,119.0,462.0,0.0
1019,1288,120.0,462.0,0.0
1020,1289,121.0,462.0,0.0
1021,1290,435.0,462.0,0.0
1022,1291,438.0,462.0,0.0
1023,1292,19.0,463.0,0.0
1024,1293,20.0,463.0,0.0
1025,1294,59.0,463.0,0.0
1026,1296,104.0,463.0,0.0
1027,1297,106.0,463.0,0.0
1028,1298,107.0,463.0,0.0
1029,1299,108.0,463.0,0.0
1030,1300,109.0,463.0,0.0
1031,1301,110.0,463.0,0.0
1032,1302,111.0,463.0,0.0
1033,1303,113.0,463.0,0.0
1034,1304,115.0,463.0,0.0
1035,1305,116.0,463.0,0.0
1036,1306,7.0,464.0,0.0
1037,1307,15.0,464.0,0.0
1038,1308,17.0,464.0,0.0
1039,1309,18.0,464.0,0.0
1040,1310,19.0,464.0,0.0
1041,1312,101.0,464.0,0.0
1042,1313,102.0,464.0,0.0
1043,1314,104.0,464.0,0.0
1044,1315,105.0,464.0,0.0
1045,1316,106.0,464.0,0.0
1046,1317,107.0,464.0,0.0
1047,1318,108.0,464.0,0.0
1048,1319,109.0,464.0,0.0
1049,1320,111.0,464.0,0.0
1050,1321,112.0,464.0,0.0
1051,1322,113.0,464.0,0.0
1052,1323,117.0,464.0,0.0
1053,1324,118.0,464.0,0.0
1054,1325,119.0,464.0,0.0
1055,1326,120.0,464.0,0.0
1056,1327,121.0,464.0,0.0
1057,1328,470.0,464.0,0.0
1058,1329,500.0,464.0,0.0
1059,1330,502.0,464.0,0.0
1060,1331,506.0,464.0,0.0
1061,1332,7.0,465.0,0.0
1062,1333,52.0,465.0,0.0
1063,1334,54.0,465.0,0.0
1064,1335,56.0,465.0,0.0
1065,1337,101.0,465.0,0.0
1066,1338,102.0,465.0,0.0
1067,1339,103.0,465.0,0.0
1068,1340,105.0,465.0,0.0
1069,1341,106.0,465.0,0.0
1070,1342,107.0,465.0,0.0
1071,1343,108.0,465.0,0.0
1072,1344,110.0,465.0,0.0
1073,1345,111.0,465.0,0.0
1074,1346,113.0,465.0,0.0
1075,1347,114.0,465.0,0.0
1076,1348,115.0,465.0,0.0
1077,1349,116.0,465.0,0.0
1078,1350,118.0,465.0,0.0
1079,1351,119.0,465.0,0.0
1080,1352,120.0,465.0,0.0
1081,1353,121.0,465.0,0.0
1082,1354,431.0,465.0,0.0
1083,1356,3.0,466.0,0.0
1084,1357,5.0,466.0,0.0
1085,1358,6.0,466.0,0.0
1086,1359,102.0,466.0,0.0
1087,1360,103.0,466.0,0.0
1088,1361,107.0,466.0,0.0
1089,1362,110.0,466.0,0.0
1090,1363,113.0,466.0,0.0
1091,1364,115.0,466.0,0.0
1092,1365,116.0,466.0,0.0
1093,1366,117.0,466.0,0.0
1094,1367,118.0,466.0,0.0
1095,1368,119.0,466.0,0.0
1096,1370,433.0,466.0,0.0
1097,1371,435.0,466.0,0.0
1098,1372,457.0,466.0,0.0
1099,1373,461.0,466.0,0.0
1100,1374,468.0,466.0,0.0
1101,1375,492.0,466.0,0.0
1102,1376,0.0,467.0,0.0
1103,1377,2.0,467.0,0.0
1104,1378,3.0,467.0,0.0
1105,1379,4.0,467.0,0.0
1106,1380,6.0,467.0,0.0
1107,1381,13.0,467.0,0.0
1108,1384,105.0,467.0,0.0
1109,1385,107.0,467.0,0.0
1110,1386,108.0,467.0,0.0
1111,1387,109.0,467.0,0.0
1112,1388,112.0,467.0,0.0
1113,1389,115.0,467.0,0.0
1114,1390,116.0,467.0,0.0
1115,1391,117.0,467.0,0.0
1116,1392,118.0,467.0,0.0
1117,1393,467.0,467.0,0.0
1118,1394,0.0,468.0,0.0
1119,1395,4.0,468.0,0.0
1120,1396,6.0,468.0,0.0
1121,1397,7.0,468.0,0.0
1122,1398,8.0,468.0,0.0
1123,1399,10.0,468.0,0.0
1124,1400,455.0,468.0,0.0
1125,1401,468.0,468.0,0.0
1126,1402,488.0,468.0,0.0
1127,1403,493.0,468.0,0.0
1128,1404,1.0,469.0,0.0
1129,1405,2.0,469.0,0.0
1130,1406,3.0,469.0,0.0
1131,1408,487.0,469.0,0.0
1132,1409,4.0,470.0,0.0
1133,1410,5.0,470.0,0.0
1134,1412,73.0,470.0,0.0
1135,1413,76.0,470.0,0.0
1136,1414,469.0,470.0,0.0
1137,1415,0.0,471.0,0.0
1138,1416,2.0,471.0,0.0
1139,1417,4.0,471.0,0.0
1140,1418,73.0,471.0,0.0
1141,1419,75.0,471.0,0.0
1142,1421,468.0,471.0,0.0
1143,1422,486.0,471.0,0.0
1144,1423,2.0,472.0,0.0
1145,1424,3.0,472.0,0.0
1146,1425,4.0,472.0,0.0
1147,1426,71.0,472.0,0.0
1148,1427,75.0,472.0,0.0
1149,1430,2.0,473.0,0.0
1150,1431,76.0,473.0,0.0
1151,1433,438.0,474.0,0.0
1152,1434,439.0,474.0,0.0
1153,1435,485.0,474.0,0.0
1154,1436,441.0,475.0,0.0
1155,1437,443.0,475.0,0.0
1156,1438,446.0,475.0,0.0
1157,1439,474.0,475.0,0.0
1158,1440,478.0,475.0,0.0
1159,1441,433.0,476.0,0.0
1160,1442,442.0,476.0,0.0
1161,1443,484.0,476.0,0.0
1162,1444,433.0,477.0,0.0
1163,1445,439.0,477.0,0.0
1164,1446,472.0,477.0,0.0
1165,1447,486.0,477.0,0.0
1166,1448,436.0,478.0,0.0
1167,1449,440.0,478.0,0.0
1168,1450,468.0,478.0,0.0
1169,1451,474.0,478.0,0.0
1170,1452,475.0,478.0,0.0
1171,1453,457.0,479.0,0.0
1172,1454,110.0,480.0,0.0
1173,1455,111.0,480.0,0.0
1174,1456,113.0,480.0,0.0
1175,1457,474.0,480.0,0.0
1176,1458,441.0,481.0,0.0
1177,1459,445.0,481.0,0.0
1178,1460,463.0,481.0,0.0
1179,1461,448.0,482.0,0.0
1180,1462,457.0,482.0,0.0
1181,1463,464.0,483.0,0.0
1182,1465,450.0,484.0,0.0
1183,1470,442.0,487.0,0.0
1184,1471,421.0,488.0,0.0
1185,1474,448.0,489.0,0.0
1186,1477,446.0,492.0,0.0
1187,1478,445.0,494.0,0.0
1188,1479,442.0,495.0,0.0
1189,1480,458.0,499.0,0.0
1190,1485,464.0,502.0,0.0
1191,1486,464.0,503.0,0.0
1192,1487,467.0,503.0,0.0
1193,1488,444.0,504.0,0.0
1194,1492,466.0,504.0,0.0
1195,1494,462.0,505.0,0.0
1196,1495,463.0,505.0,0.0
1197,1496,467.0,505.0,0.0
1198,1497,438.0,506.0,0.0
1199,1498,455.0,506.0,0.0
1200,1499,456.0,507.0,0.0
1201,1500,428.0,508.0,0.0
1202,1501,445.0,508.0,0.0
1203,1502,447.0,508.0,0.0
1204,1503,467.0,508.0,0.0
1205,1504,461.0,509.0,0.0
1206,1505,465.0,510.0,0.0
1207,1508,446.0,512.0,0.0
1208,1509,463.0,512.0,0.0
1209,1510,461.0,513.0,0.0
1210,1511,462.0,513.0,0.0
1211,1513,456.0,515.0,0.0
1212,1514,429.0,516.0,0.0
1213,1515,436.0,516.0,0.0
1214,1516,444.0,516.0,0.0
1215,1517,465.0,516.0,0.0
1216,1519,428.0,518.0,0.0
1217,1524,435.0,520.0,0.0
1218,1525,436.0,520.0,0.0
1219,1526,452.0,520.0,0.0
1220,1528,458.0,521.0,0.0
1221,1530,453.0,523.0,0.0
1222,1531,434.0,524.0,0.0
1223,1532,454.0,524.0,0.0
1225,1539,437.0,530.0,0.0
1226,1542,1271.0,533.0,1.0
1227,1545,1270.0,534.0,1.0
1228,1546,1272.0,534.0,1.0
1229,1547,1270.0,535.0,1.0
1230,1548,1271.0,535.0,1.0
1231,1549,1273.0,535.0,1.0
1232,1550,1270.0,536.0,1.0
1233,1551,1271.0,536.0,1.0
1234,1552,1272.0,536.0,1.0
1235,1553,433.0,537.0,0.0
1236,1554,436.0,537.0,0.0
1237,1555,1266.0,537.0,1.0
1238,1556,1267.0,537.0,1.0
1239,1557,1270.0,537.0,1.0
1240,1558,1272.0,537.0,1.0
1241,1559,1273.0,537.0,1.0
1242,1560,1274.0,537.0,1.0
1243,1561,1265.0,538.0,1.0
1244,1562,1266.0,538.0,1.0
1245,1563,1269.0,538.0,1.0
1246,1564,1270.0,538.0,1.0
1247,1565,1271.0,538.0,1.0
1248,1566,1272.0,538.0,1.0
1249,1567,1274.0,538.0,1.0
1250,1568,1263.0,539.0,1.0
1251,1569,1266.0,539.0,1.0
1252,1570,1268.0,539.0,1.0
1253,1571,1270.0,539.0,1.0
1254,1572,1271.0,539.0,1.0
1255,1573,1273.0,539.0,1.0
1256,1574,1263.0,540.0,1.0
1257,1575,1264.0,540.0,1.0
1258,1576,1265.0,540.0,1.0
1259,1577,1266.0,540.0,1.0
1260,1578,1267.0,540.0,1.0
1261,1579,1268.0,540.0,1.0
1263,1581,1270.0,540.0,1.0
1264,1582,1271.0,540.0,1.0
1265,1583,1272.0,540.0,1.0
1266,1584,1275.0,540.0,1.0
1267,1585,792.0,541.0,1.0
1268,1586,1260.0,541.0,1.0
1269,1587,1261.0,541.0,1.0
1270,1588,1263.0,541.0,1.0
1271,1589,1264.0,541.0,1.0
1272,1590,1265.0,541.0,1.0
1273,1591,1271.0,541.0,1.0
1274,1592,1272.0,541.0,1.0
1275,1593,1274.0,541.0,1.0
1276,1594,792.0,542.0,1.0
1277,1595,1259.0,542.0,1.0
1278,1596,1260.0,542.0,1.0
1279,1597,1264.0,542.0,1.0
1280,1598,1265.0,542.0,1.0
1281,1599,1268.0,542.0,1.0
1282,1600,1269.0,542.0,1.0
1283,1601,1271.0,542.0,1.0
1284,1602,1272.0,542.0,1.0
1285,1603,1273.0,542.0,1.0
1286,1604,792.0,543.0,1.0
1287,1605,1260.0,543.0,1.0
1288,1606,1262.0,543.0,1.0
1289,1607,1263.0,543.0,1.0
1290,1608,1264.0,543.0,1.0
1291,1609,1266.0,543.0,1.0
1292,1610,1267.0,543.0,1.0
1293,1611,1268.0,543.0,1.0
1294,1612,1259.0,544.0,1.0
1295,1613,1260.0,544.0,1.0
1296,1614,1262.0,544.0,1.0
1297,1615,1263.0,544.0,1.0
1298,1616,1265.0,544.0,1.0
1299,1617,1266.0,544.0,1.0
1300,1618,1268.0,544.0,1.0
1301,1619,1262.0,545.0,1.0
1302,1620,1263.0,545.0,1.0
1303,1621,1264.0,545.0,1.0
1304,1622,1265.0,545.0,1.0
1305,1623,1259.0,546.0,1.0
1306,1624,858.0,559.0,1.0
1307,1625,861.0,561.0,1.0
1308,1626,853.0,562.0,1.0
1309,1627,854.0,562.0,1.0
1310,1628,843.0,564.0,1.0
1311,1629,856.0,565.0,1.0
1312,1630,843.0,566.0,1.0
1313,1631,849.0,566.0,1.0
1314,1632,855.0,567.0,1.0
1315,1633,829.0,568.0,1.0
1316,1634,841.0,568.0,1.0
1317,1635,831.0,569.0,1.0
1318,1636,835.0,569.0,1.0
1319,1637,839.0,569.0,1.0
1320,1638,840.0,569.0,1.0
1321,1639,842.0,569.0,1.0
1322,1640,843.0,569.0,1.0
1323,1641,847.0,569.0,1.0
1324,1642,835.0,570.0,1.0
1325,1643,852.0,570.0,1.0
1326,1644,855.0,570.0,1.0
1327,1645,857.0,570.0,1.0
1328,1646,840.0,571.0,1.0
1329,1647,841.0,571.0,1.0
1330,1648,830.0,572.0,1.0
1331,1650,836.0,572.0,1.0
1332,1651,837.0,574.0,1.0
1333,1652,854.0,574.0,1.0
1334,1653,842.0,575.0,1.0
1335,1654,843.0,575.0,1.0
1336,1655,849.0,575.0,1.0
1337,1656,853.0,575.0,1.0
1338,1657,844.0,576.0,1.0
1339,1658,851.0,576.0,1.0
1340,1659,847.0,578.0,1.0
1341,1660,846.0,579.0,1.0
1342,1661,843.0,580.0,1.0
1343,1662,847.0,582.0,1.0
1344,1663,844.0,583.0,1.0
1345,1664,839.0,584.0,1.0
1346,1665,843.0,585.0,1.0
1347,1667,838.0,587.0,1.0
1348,1668,843.0,588.0,1.0
1349,1669,843.0,589.0,1.0
1350,1670,844.0,589.0,1.0
1351,1671,839.0,592.0,1.0
1352,1672,841.0,592.0,1.0
1353,1673,842.0,592.0,1.0
1354,1674,843.0,592.0,1.0
1355,1675,839.0,593.0,1.0
1356,1676,841.0,593.0,1.0
1357,1677,841.0,594.0,1.0
1358,1678,1234.0,594.0,0.0
1359,1681,1230.0,595.0,0.0
1360,1682,1231.0,595.0,0.0
1361,1683,1232.0,595.0,0.0
1362,1684,1233.0,595.0,0.0
1363,1685,1234.0,595.0,0.0
1364,1686,1239.0,595.0,0.0
1365,1687,837.0,596.0,1.0
1366,1688,1230.0,596.0,0.0
1367,1689,1231.0,596.0,0.0
1368,1690,1232.0,596.0,0.0
1369,1691,1234.0,596.0,0.0
1370,1692,1237.0,596.0,0.0
1371,1693,1239.0,596.0,0.0
1372,1694,1241.0,596.0,0.0
1373,1695,838.0,597.0,1.0
1374,1696,1230.0,597.0,0.0
1375,1697,1231.0,597.0,0.0
1376,1698,1232.0,597.0,0.0
1377,1699,1234.0,597.0,0.0
1378,1700,1235.0,597.0,0.0
1379,1701,1238.0,597.0,0.0
1380,1702,1239.0,597.0,0.0
1381,1703,1226.0,598.0,0.0
1382,1704,1228.0,598.0,0.0
1383,1705,1230.0,598.0,0.0
1384,1706,1232.0,598.0,0.0
1385,1707,1233.0,598.0,0.0
1386,1708,1234.0,598.0,0.0
1387,1709,1237.0,598.0,0.0
1388,1710,1227.0,599.0,0.0
1389,1711,1234.0,599.0,0.0
1390,1712,1235.0,599.0,0.0
1391,1713,1236.0,599.0,0.0
1392,1714,836.0,600.0,1.0
1393,1715,1232.0,600.0,0.0
1394,1716,1233.0,600.0,0.0
1395,1717,1234.0,600.0,0.0
1396,1718,1235.0,600.0,0.0
1397,1719,1236.0,600.0,0.0
1398,1720,832.0,602.0,1.0
1399,1721,832.0,604.0,1.0
1400,1722,74.0,706.0,0.0
1401,1723,75.0,706.0,0.0
1402,1725,74.0,708.0,0.0
1403,1726,60.0,709.0,0.0
1404,1730,80.0,709.0,0.0
1405,1733,60.0,710.0,0.0
1406,1734,61.0,710.0,0.0
1407,1735,63.0,710.0,0.0
1408,1737,78.0,710.0,0.0
1409,1738,80.0,710.0,0.0
1410,1743,69.0,711.0,0.0
1411,1744,71.0,711.0,0.0
1412,1747,74.0,711.0,0.0
1413,1748,75.0,711.0,0.0
1414,1749,66.0,712.0,0.0
1415,1750,41.0,713.0,0.0
1416,1751,47.0,713.0,0.0
1417,1754,74.0,713.0,0.0
1418,1755,75.0,713.0,0.0
1419,1756,76.0,713.0,0.0
1420,1757,40.0,714.0,0.0
1421,1758,42.0,714.0,0.0
1422,1759,59.0,714.0,0.0
1423,1760,67.0,714.0,0.0
1424,1761,69.0,714.0,0.0
1425,1762,71.0,714.0,0.0
1426,1763,76.0,714.0,0.0
1427,1764,78.0,714.0,0.0
1428,1765,84.0,714.0,0.0
1429,1766,41.0,715.0,0.0
1430,1767,43.0,715.0,0.0
1431,1768,46.0,715.0,0.0
1432,1769,57.0,715.0,0.0
1433,1770,67.0,715.0,0.0
1434,1771,74.0,715.0,0.0
1435,1772,82.0,715.0,0.0
1436,1773,85.0,715.0,0.0
1437,1774,88.0,715.0,0.0
1438,1775,42.0,716.0,0.0
1439,1776,46.0,716.0,0.0
1440,1777,49.0,716.0,0.0
1441,1778,58.0,716.0,0.0
1442,1779,59.0,716.0,0.0
1443,1780,68.0,716.0,0.0
1444,1781,72.0,716.0,0.0
1445,1782,74.0,716.0,0.0
1446,1783,77.0,716.0,0.0
1447,1784,78.0,716.0,0.0
1448,1785,82.0,716.0,0.0
1449,1786,84.0,716.0,0.0
1450,1787,37.0,717.0,0.0
1451,1788,38.0,717.0,0.0
1453,1790,41.0,717.0,0.0
1454,1791,43.0,717.0,0.0
1455,1793,46.0,717.0,0.0
1456,1795,57.0,717.0,0.0
1457,1796,59.0,717.0,0.0
1458,1797,67.0,717.0,0.0
1459,1798,70.0,717.0,0.0
1460,1799,74.0,717.0,0.0
1461,1800,76.0,717.0,0.0
1462,1801,78.0,717.0,0.0
1463,1802,80.0,717.0,0.0
1464,1803,83.0,717.0,0.0
1465,1804,38.0,718.0,0.0
1466,1805,40.0,718.0,0.0
1467,1806,50.0,718.0,0.0
1468,1807,51.0,718.0,0.0
1469,1808,74.0,718.0,0.0
1470,1809,43.0,719.0,0.0
1471,1811,52.0,719.0,0.0
1472,1812,53.0,719.0,0.0
1473,1813,55.0,719.0,0.0
1474,1815,69.0,719.0,0.0
1475,1816,71.0,719.0,0.0
1476,1817,72.0,719.0,0.0
1477,1818,74.0,719.0,0.0
1478,1819,45.0,720.0,0.0
1479,1820,49.0,720.0,0.0
1480,1821,50.0,720.0,0.0
1481,1822,55.0,720.0,0.0
1482,1823,67.0,720.0,0.0
1483,1824,68.0,720.0,0.0
1484,1825,73.0,720.0,0.0
1485,1826,35.0,721.0,0.0
1486,1827,36.0,721.0,0.0
1487,1828,44.0,721.0,0.0
1488,1829,49.0,721.0,0.0
1489,1830,41.0,722.0,0.0
1490,1831,46.0,722.0,0.0
1491,1833,54.0,722.0,0.0
1492,1837,35.0,723.0,0.0
1493,1838,37.0,723.0,0.0
1494,1839,41.0,723.0,0.0
1495,1840,47.0,723.0,0.0
1496,1841,49.0,723.0,0.0
1497,1842,51.0,723.0,0.0
1498,1843,54.0,723.0,0.0
1499,1844,32.0,724.0,0.0
1500,1845,35.0,724.0,0.0
1501,1846,38.0,724.0,0.0
1502,1847,41.0,724.0,0.0
1503,1848,42.0,724.0,0.0
1504,1849,44.0,724.0,0.0
1505,1850,45.0,724.0,0.0
1506,1851,53.0,724.0,0.0
1507,1853,37.0,725.0,0.0
1508,1854,38.0,725.0,0.0
1509,1855,42.0,725.0,0.0
1510,1856,44.0,725.0,0.0
1511,1857,47.0,725.0,0.0
1512,1858,34.0,726.0,0.0
1513,1859,37.0,726.0,0.0
1514,1860,39.0,726.0,0.0
1515,1861,40.0,726.0,0.0
1516,1862,43.0,726.0,0.0
1517,1863,44.0,726.0,0.0
1518,1865,27.0,727.0,0.0
1519,1866,41.0,727.0,0.0
1520,1868,28.0,728.0,0.0
1521,1870,39.0,728.0,0.0
1522,1871,28.0,729.0,0.0
1523,1872,29.0,729.0,0.0
1524,1873,30.0,729.0,0.0
1525,1874,26.0,730.0,0.0
1526,1875,27.0,730.0,0.0
1527,1876,31.0,730.0,0.0
1528,1877,30.0,731.0,0.0
1529,1878,25.0,732.0,0.0
